{"cameraMode":{"drawMode":0,"name":"Shaded","section":"Shading Mode"},"sceneLighting":false,"audioPlay":false,"sceneViewState":{"m_AlwaysRefresh":false,"showFog":true,"showSkybox":false,"showFlares":true,"showImageEffects":true,"showParticleSystems":true,"showVisualEffectGraphs":true,"m_FxEnabled":true},"in2DMode":false,"pivot":{"x":-2.0000007152557375,"y":0.2892141342163086,"z":-2.980232238769531e-7},"rotation":{"x":0.23248273134231568,"y":0.2924482226371765,"z":-0.07351674884557724,"w":0.9246901273727417},"size":0.5173555016517639,"orthographic":false}