{"cameraMode":{"drawMode":0,"name":"Shaded","section":"Shading Mode"},"sceneLighting":false,"audioPlay":false,"sceneViewState":{"m_AlwaysRefresh":false,"showFog":true,"showSkybox":false,"showFlares":true,"showImageEffects":true,"showParticleSystems":true,"showVisualEffectGraphs":true,"m_FxEnabled":true},"in2DMode":false,"pivot":{"x":-2.0289859771728517,"y":0.1313624531030655,"z":-0.0000743865966796875},"rotation":{"x":-0.3823026120662689,"y":0.19881759583950044,"z":-0.08460251241922379,"w":-0.898442804813385},"size":0.3572305738925934,"orthographic":false}