{"cameraMode":{"drawMode":0,"name":"Shaded","section":"Shading Mode"},"sceneLighting":false,"audioPlay":false,"sceneViewState":{"m_AlwaysRefresh":false,"showFog":true,"showSkybox":false,"showFlares":true,"showImageEffects":true,"showParticleSystems":true,"showVisualEffectGraphs":true,"m_FxEnabled":true},"in2DMode":false,"pivot":{"x":-0.8759340047836304,"y":0.6965215802192688,"z":-0.4122569262981415},"rotation":{"x":-0.3264070749282837,"y":-0.13911116123199464,"z":0.04863039404153824,"w":-0.9336857795715332},"size":1.2990431785583497,"orthographic":false}