{"cameraMode":{"drawMode":0,"name":"Shaded","section":"Shading Mode"},"sceneLighting":false,"audioPlay":false,"sceneViewState":{"m_AlwaysRefresh":false,"showFog":true,"showSkybox":false,"showFlares":true,"showImageEffects":true,"showParticleSystems":true,"showVisualEffectGraphs":true,"m_FxEnabled":true},"in2DMode":false,"pivot":{"x":-0.8963274955749512,"y":1.0103620290756226,"z":1.619476079940796},"rotation":{"x":-0.26109427213668826,"y":-0.10631193220615387,"z":0.02893834561109543,"w":-0.9590163826942444},"size":1.3040244579315186,"orthographic":false}