{"cameraMode":{"drawMode":0,"name":"Shaded","section":"Shading Mode"},"sceneLighting":false,"audioPlay":false,"sceneViewState":{"m_AlwaysRefresh":false,"showFog":true,"showSkybox":false,"showFlares":true,"showImageEffects":true,"showParticleSystems":true,"showVisualEffectGraphs":true,"m_FxEnabled":true},"in2DMode":false,"pivot":{"x":0.6566838026046753,"y":0.7114344239234924,"z":-0.3765661120414734},"rotation":{"x":-0.3558235168457031,"y":-0.22361594438552857,"z":0.08810984343290329,"w":-0.9031473398208618},"size":1.2990431785583497,"orthographic":false}