{"cameraMode":{"drawMode":0,"name":"Shaded","section":"Shading Mode"},"sceneLighting":true,"audioPlay":false,"sceneViewState":{"m_AlwaysRefresh":false,"showFog":true,"showSkybox":true,"showFlares":true,"showImageEffects":true,"showParticleSystems":true,"showVisualEffectGraphs":true,"m_FxEnabled":true},"in2DMode":false,"pivot":{"x":-0.32455891370773318,"y":1.9457043409347535,"z":2.5433332920074465},"rotation":{"x":0.000041775678255362436,"y":0.9898244142532349,"z":-0.14232487976551057,"w":0.0002979047130793333},"size":1.3365932703018189,"orthographic":false}