{"cameraMode":{"drawMode":0,"name":"Shaded","section":"Shading Mode"},"sceneLighting":true,"audioPlay":false,"sceneViewState":{"m_AlwaysRefresh":false,"showFog":true,"showSkybox":true,"showFlares":true,"showImageEffects":true,"showParticleSystems":true,"showVisualEffectGraphs":true,"m_FxEnabled":true},"in2DMode":false,"pivot":{"x":8.695566177368164,"y":-0.09279347956180573,"z":-2.8977537155151369},"rotation":{"x":-0.29120224714279177,"y":-0.6260307431221008,"z":0.27195659279823305,"w":-0.6703619956970215},"size":3.7305355072021486,"orthographic":false}