{"cameraMode":{"drawMode":0,"name":"Shaded","section":"Shading Mode"},"sceneLighting":true,"audioPlay":false,"sceneViewState":{"m_AlwaysRefresh":false,"showFog":true,"showSkybox":true,"showFlares":true,"showImageEffects":true,"showParticleSystems":true,"showVisualEffectGraphs":true,"m_FxEnabled":true},"in2DMode":false,"pivot":{"x":0.8709360361099243,"y":-4.7284626960754398,"z":7.609774589538574},"rotation":{"x":0.3000647723674774,"y":0.018596505746245385,"z":-0.0058544594794511799,"w":0.9537531733512878},"size":9.339971542358399,"orthographic":false}