{"cameraMode":{"drawMode":0,"name":"Shaded","section":"Shading Mode"},"sceneLighting":true,"audioPlay":false,"sceneViewState":{"m_AlwaysRefresh":false,"showFog":true,"showSkybox":true,"showFlares":true,"showImageEffects":true,"showParticleSystems":true,"showVisualEffectGraphs":true,"m_FxEnabled":true},"in2DMode":false,"pivot":{"x":-2.1858975887298586,"y":3.9253244400024416,"z":1.2883296012878419},"rotation":{"x":-0.3004336655139923,"y":-0.5764012336730957,"z":0.24017678201198579,"w":-0.7209983468055725},"size":1.3365932703018189,"orthographic":false}