{"cameraMode":{"drawMode":0,"name":"Shaded","section":"Shading Mode"},"sceneLighting":false,"audioPlay":false,"sceneViewState":{"m_AlwaysRefresh":false,"showFog":true,"showSkybox":false,"showFlares":true,"showImageEffects":true,"showParticleSystems":true,"showVisualEffectGraphs":true,"m_FxEnabled":true},"in2DMode":false,"pivot":{"x":-1.9985790252685547,"y":0.26959583163261416,"z":-0.01017671823501587},"rotation":{"x":-0.3823026120662689,"y":0.19881759583950044,"z":-0.08460251241922379,"w":-0.898442804813385},"size":0.9064364433288574,"orthographic":false}